Cites,Authors,Title,Year,Source,Publisher,ArticleURL,CitesURL,GSRank,QueryDate,Type,DOI,ISSN,CitationURL,Volume,Issue,StartPage,EndPage,ECC,CitesPerYear,CitesPerAuthor,AuthorCount,Age,Abstract,FullTextURL,RelatedURL
305,"AX Zhang, M Muller, D Wang","How do data science workers collaborate? roles, workflows, and tools",2020,"Proceedings of the ACM on Human …","dl.acm.org","https://dl.acm.org/doi/abs/10.1145/3392826","https://scholar.google.com/scholar?cites=10126905476478846463&as_sdt=2005&sciodt=2007&hl=en",8,"2025-02-06 14:27:32","","10.1145/3392826","","",,,,,305,61.00,102,3,5,"… We found that data science teams are extremely collaborative and work with a variety of … Based on these findings, we discuss design implications for supporting data science team …","https://arxiv.org/pdf/2001.06684","https://scholar.google.com/scholar?q=related:_8V6T-D-iYwJ:scholar.google.com/&scioq=intitle:%22data+science+team%22%7Cintitle:%22data+science+team%22%7Cintitle:%22data+science+teams%22%7Cintitle:%22teams+in+data+science%22%7Cintitle:%22time+de+ci%C3%AAncia+de+dados%22%7Cintitle:%22data+science+roles%22&hl=en&as_sdt=2007"
193,"DJ Patil","Building data science teams",2011,"","books.google.com","https://books.google.com/books?hl=en&lr=&id=wZHe0t4ZgWoC&oi=fnd&pg=PP3&dq=%22data+science+team%22%7C%22data+science+team%22%7C%22data+science+teams%22%7C%22teams+in+data+science%22%7C%22time+de+ci%C3%AAncia+de+dados%22%7C%22data+science+roles%22&ots=KD5YSxKk86&sig=8zOQ2Zl4kAkNFFgNwkPpQrq2i04","https://scholar.google.com/scholar?cites=1827433210680750030&as_sdt=2005&sciodt=2007&hl=en",7,"2025-02-06 14:27:32","BOOK","","","",,,,,193,13.79,193,1,14,"As data science evolves to become a business necessity, the importance of assembling a strong and innovative data teams grows. In this in-depth report, data scientist DJ Patil explains …","https://emergetech.org/wp-content/uploads/2020/05/building-data-science-teams.pdf","https://scholar.google.com/scholar?q=related:zq9grdJYXBkJ:scholar.google.com/&scioq=intitle:%22data+science+team%22%7Cintitle:%22data+science+team%22%7Cintitle:%22data+science+teams%22%7Cintitle:%22teams+in+data+science%22%7Cintitle:%22time+de+ci%C3%AAncia+de+dados%22%7Cintitle:%22data+science+roles%22&hl=en&as_sdt=2007"
72,"JS Saltz, NW Grady","The ambiguity of data science team roles and the need for a data science workforce framework",2017,"2017 IEEE international conference on big …","ieeexplore.ieee.org","https://ieeexplore.ieee.org/abstract/document/8258190/","https://scholar.google.com/scholar?cites=14737342698503192146&as_sdt=2005&sciodt=2007&hl=en",2,"2025-02-06 14:27:32","","","","",,,,,72,9.00,36,2,8,"This paper first reviews the benefits of well-defined roles and then discusses the current lack of standardized roles within the data science community, perhaps due to the newness of the …","http://www.midp-info.org/uploads/1/0/6/5/10650753/s02207_2983.pdf","https://scholar.google.com/scholar?q=related:Ur56PRqPhcwJ:scholar.google.com/&scioq=intitle:%22data+science+team%22%7Cintitle:%22data+science+team%22%7Cintitle:%22data+science+teams%22%7Cintitle:%22teams+in+data+science%22%7Cintitle:%22time+de+ci%C3%AAncia+de+dados%22%7Cintitle:%22data+science+roles%22&hl=en&as_sdt=2007"
65,"RS Team","RStudio| Open source &professional software for data science teams-RStudio",2020,"RStudio Inc","","","https://scholar.google.com/scholar?cites=16077267978148645426&as_sdt=2005&sciodt=2007&hl=en",58,"2025-02-06 14:27:32","CITATION","","","",,,,,65,13.00,65,1,5,"","","https://scholar.google.com/scholar?q=related:MgpQjAvuHd8J:scholar.google.com/&scioq=intitle:%22data+science+team%22%7Cintitle:%22data+science+team%22%7Cintitle:%22data+science+teams%22%7Cintitle:%22teams+in+data+science%22%7Cintitle:%22time+de+ci%C3%AAncia+de+dados%22%7Cintitle:%22data+science+roles%22&hl=en&as_sdt=2007"
62,"J Saltz, N Hotz, D Wild, K Stirling","Exploring project management methodologies used within data science teams",2018,"","aisel.aisnet.org","https://aisel.aisnet.org/amcis2018/ITProjMgmt/Presentations/12/","https://scholar.google.com/scholar?cites=2181020247808020835&as_sdt=2005&sciodt=2007&hl=en",25,"2025-02-06 14:27:32","","","","",,,,,62,8.86,16,4,7,"… data science teams use to manage and coordinate their efforts. Unfortunately, based on our survey results, most data science teams … best practices for data science team processes and …","","https://scholar.google.com/scholar?q=related:YxGIHlyKRB4J:scholar.google.com/&scioq=intitle:%22data+science+team%22%7Cintitle:%22data+science+team%22%7Cintitle:%22data+science+teams%22%7Cintitle:%22teams+in+data+science%22%7Cintitle:%22time+de+ci%C3%AAncia+de+dados%22%7Cintitle:%22data+science+roles%22&hl=en&as_sdt=2007"
58,"RS Team","RStudio| Open source &professional software for data science teams",2015,"RStudio: Boston, MA, USA","","","https://scholar.google.com/scholar?cites=16640636659948874737&as_sdt=2005&sciodt=2007&hl=en",56,"2025-02-06 14:27:32","CITATION","","","",,,,,58,5.80,58,1,10,"","","https://scholar.google.com/scholar?q=related:8WuYWOBq7-YJ:scholar.google.com/&scioq=intitle:%22data+science+team%22%7Cintitle:%22data+science+team%22%7Cintitle:%22data+science+teams%22%7Cintitle:%22teams+in+data+science%22%7Cintitle:%22time+de+ci%C3%AAncia+de+dados%22%7Cintitle:%22data+science+roles%22&hl=en&as_sdt=2007"
37,"D Rose, C Agile","Data science: Create teams that ask the right questions and deliver real value",2016,"","Springer","https://link.springer.com/book/10.1007/978-1-4842-2253-9","https://scholar.google.com/scholar?cites=6360307187856685003&as_sdt=2005&sciodt=2007&hl=en",31,"2025-02-06 14:27:32","BOOK","10.1007/978-1-4842-2253-9","","",,,,,37,4.11,19,2,9,"… team on how to build the best possible data science team for her/his organization. … It explains not only the internal workings of optimum data science teams, but also the activities that …","","https://scholar.google.com/scholar?q=related:y7ePYrBZRFgJ:scholar.google.com/&scioq=intitle:%22data+science+team%22%7Cintitle:%22data+science+team%22%7Cintitle:%22data+science+teams%22%7Cintitle:%22teams+in+data+science%22%7Cintitle:%22time+de+ci%C3%AAncia+de+dados%22%7Cintitle:%22data+science+roles%22&hl=en&as_sdt=2007"
31,"JS Saltz, N Hotz","Identifying the most common frameworks data science teams use to structure and coordinate their projects",2020,"2020 IEEE International Conference on Big …","ieeexplore.ieee.org","https://ieeexplore.ieee.org/abstract/document/9377813/","https://scholar.google.com/scholar?cites=5160497157446116968&as_sdt=2005&sciodt=2007&hl=en",12,"2025-02-06 14:27:32","","","","",,,,,31,6.20,16,2,5,"This paper presents the results of a study focused on exploring which framework, if any, teams use to execute data science projects. The study consisted of a survey of 109 industry …","","https://scholar.google.com/scholar?q=related:aCb9vdLEnUcJ:scholar.google.com/&scioq=intitle:%22data+science+team%22%7Cintitle:%22data+science+team%22%7Cintitle:%22data+science+teams%22%7Cintitle:%22teams+in+data+science%22%7Cintitle:%22time+de+ci%C3%AAncia+de+dados%22%7Cintitle:%22data+science+roles%22&hl=en&as_sdt=2007"
28,"L Lyon, E Mattern","Education for real-world data science roles (Part 2): A translational approach to curriculum development",2016,"International Journal of Digital Curation","ijdc.net","https://ijdc.net/ijdc/article/view/11.2.13","https://scholar.google.com/scholar?cites=17525209338077230992&as_sdt=2005&sciodt=2007&hl=en",20,"2025-02-06 14:27:32","","","","",,,,,28,3.11,14,2,9,"… with the range of emerging data science roles. A distinctive … Prior commentary on the three data science roles explored in … includes perspectives on building data science teams (Patil, …","https://ijdc.net/ijdc/article/download/11.2.13/447","https://scholar.google.com/scholar?q=related:kLdzWgoNNvMJ:scholar.google.com/&scioq=intitle:%22data+science+team%22%7Cintitle:%22data+science+team%22%7Cintitle:%22data+science+teams%22%7Cintitle:%22teams+in+data+science%22%7Cintitle:%22time+de+ci%C3%AAncia+de+dados%22%7Cintitle:%22data+science+roles%22&hl=en&as_sdt=2007"
24,"K Crowston, JS Saltz, A Rezgui, Y Hegde…","Socio-technical affordances for stigmergic coordination implemented in MIDST, a tool for data-science teams",2019,"Proceedings of the ACM …","dl.acm.org","https://dl.acm.org/doi/abs/10.1145/3359219","https://scholar.google.com/scholar?cites=7769361105778134689&as_sdt=2005&sciodt=2007&hl=en",33,"2025-02-06 14:27:32","","10.1145/3359219","","",,,,,24,4.00,5,5,6,"We present a conceptual framework for socio-technical affordances for stigmergic coordination, that is, coordination supported by a shared work product. Based on research on free/…","https://dl.acm.org/doi/pdf/10.1145/3359219","https://scholar.google.com/scholar?q=related:oU6kCcNQ0msJ:scholar.google.com/&scioq=intitle:%22data+science+team%22%7Cintitle:%22data+science+team%22%7Cintitle:%22data+science+teams%22%7Cintitle:%22teams+in+data+science%22%7Cintitle:%22time+de+ci%C3%AAncia+de+dados%22%7Cintitle:%22data+science+roles%22&hl=en&as_sdt=2007"
23,"G Shao, JP Quintana, W Zakharov, S Purzer…","Exploring potential roles of academic libraries in undergraduate data science education curriculum development",2021,"The Journal of Academic …","Elsevier","https://www.sciencedirect.com/science/article/pii/S0099133321000112","https://scholar.google.com/scholar?cites=5232735473788473644&as_sdt=2005&sciodt=2007&hl=en",94,"2025-02-06 14:27:32","","","","",,,,,23,5.75,5,5,4,"Undergraduate data science education is receiving increasing interest in many higher education institutions in the US, with the proliferation of data and data related work and research. …","","https://scholar.google.com/scholar?q=related:LFG_bjBpnkgJ:scholar.google.com/&scioq=intitle:%22data+science+team%22%7Cintitle:%22data+science+team%22%7Cintitle:%22data+science+teams%22%7Cintitle:%22teams+in+data+science%22%7Cintitle:%22time+de+ci%C3%AAncia+de+dados%22%7Cintitle:%22data+science+roles%22&hl=en&as_sdt=2007"
21,"RS RStudio","Open Source &Professional Software for Data Science Teams—RStudio",2021,"","","","https://scholar.google.com/scholar?cites=6768944562352497511&as_sdt=2005&sciodt=2007&hl=en",64,"2025-02-06 14:27:32","CITATION","","","",,,,,21,5.25,21,1,4,"","","https://scholar.google.com/scholar?q=related:ZyNVTzcf8F0J:scholar.google.com/&scioq=intitle:%22data+science+team%22%7Cintitle:%22data+science+team%22%7Cintitle:%22data+science+teams%22%7Cintitle:%22teams+in+data+science%22%7Cintitle:%22time+de+ci%C3%AAncia+de+dados%22%7Cintitle:%22data+science+roles%22&hl=en&as_sdt=2007"
16,"T Maier, J DeFranco, C Mccomb","An analysis of design process and performance in distributed data science teams",2019,"Team Performance Management …","emerald.com","https://www.emerald.com/insight/content/doi/10.1108/TPM-03-2019-0024/full/html","https://scholar.google.com/scholar?cites=6218576995548106460&as_sdt=2005&sciodt=2007&hl=en",5,"2025-02-06 14:27:32","","10.1108/TPM-03-2019-0024","","",,,,,16,2.67,5,3,6,"Purpose Often, it is assumed that teams are better at solving problems than individuals working independently. However, recent work in engineering, design and psychology contradicts …","https://scholar.archive.org/work/yhpt7xpo3vblxa4bs6x7ndiomq/access/wayback/https://files.osf.io/v1/resources/fwrqj/providers/osfstorage/5cf7a23ed4c7d700173d3efe?action=download&direct&version=1","https://scholar.google.com/scholar?q=related:3I4PfNTSTFYJ:scholar.google.com/&scioq=intitle:%22data+science+team%22%7Cintitle:%22data+science+team%22%7Cintitle:%22data+science+teams%22%7Cintitle:%22teams+in+data+science%22%7Cintitle:%22time+de+ci%C3%AAncia+de+dados%22%7Cintitle:%22data+science+roles%22&hl=en&as_sdt=2007"
16,"A Ebadi, Y Gauthier, S Tremblay…","How can automated machine learning help business data science teams?",2019,"2019 18th IEEE …","ieeexplore.ieee.org","https://ieeexplore.ieee.org/abstract/document/8999171/","https://scholar.google.com/scholar?cites=12580653417184952384&as_sdt=2005&sciodt=2007&hl=en",27,"2025-02-06 14:27:32","","","","",,,,,16,2.67,4,4,6,"Artificial intelligence and machine learning have attracted the attention of many commercial and non-profit organizations aiming to leverage advanced analytics, in order to provide a …","https://www.researchgate.net/profile/Patrick_Paul/publication/339311070_How_can_Automated_Machine_Learning_Help_Business_Data_Science_Teams/links/5e4ab3d9a6fdccd965aed0c0/How-can-Automated-Machine-Learning-Help-Business-Data-Science-Teams.pdf","https://scholar.google.com/scholar?q=related:QACdtaB1l64J:scholar.google.com/&scioq=intitle:%22data+science+team%22%7Cintitle:%22data+science+team%22%7Cintitle:%22data+science+teams%22%7Cintitle:%22teams+in+data+science%22%7Cintitle:%22time+de+ci%C3%AAncia+de+dados%22%7Cintitle:%22data+science+roles%22&hl=en&as_sdt=2007"
14,"J Saltz, F Armour, R Sharda","Data science roles and the types of data science programs",2018,"Communications of the Association for …","aisel.aisnet.org","https://aisel.aisnet.org/cais/vol43/iss1/33/","https://scholar.google.com/scholar?cites=16158361205591762750&as_sdt=2005&sciodt=2007&hl=en",21,"2025-02-06 14:27:32","","","","",,,,,14,2.00,5,3,7,"A growing field, data science (and, by extension, analytics) integrates concepts across a range of domains, such as computer science, information systems, and statistics. While the …","https://scholar.archive.org/work/deg7oiyhrrfpra7li67piivpau/access/wayback/https://aisel.aisnet.org/cgi/viewcontent.cgi?article=4098&context=cais","https://scholar.google.com/scholar?q=related:Pue_4-cHPuAJ:scholar.google.com/&scioq=intitle:%22data+science+team%22%7Cintitle:%22data+science+team%22%7Cintitle:%22data+science+teams%22%7Cintitle:%22teams+in+data+science%22%7Cintitle:%22time+de+ci%C3%AAncia+de+dados%22%7Cintitle:%22data+science+roles%22&hl=en&as_sdt=2007"
13,"I Hukkelberg, M Berntzen","Exploring the challenges of integrating data science roles in agile autonomous teams",2019,"Agile Processes in Software Engineering and …","Springer","https://link.springer.com/chapter/10.1007/978-3-030-30126-2_5","https://scholar.google.com/scholar?cites=1158368434502350416&as_sdt=2005&sciodt=2007&hl=en",4,"2025-02-06 14:27:32","HTML","10.1007/978-3-030-30126-2_5","","",,,,,13,2.17,7,2,6,"… At the same time, data science roles are making their way into … approach to the topic of data science roles in agile teams by a set … seeking to integrate data science roles in agile teams. …","https://link.springer.com/chapter/10.1007/978-3-030-30126-2_5","https://scholar.google.com/scholar?q=related:ULaJMfRZExAJ:scholar.google.com/&scioq=intitle:%22data+science+team%22%7Cintitle:%22data+science+team%22%7Cintitle:%22data+science+teams%22%7Cintitle:%22teams+in+data+science%22%7Cintitle:%22time+de+ci%C3%AAncia+de+dados%22%7Cintitle:%22data+science+roles%22&hl=en&as_sdt=2007"
13,"A Farahi, JC Stroud","The Michigan data science team: A data science education program with significant social impact",2018,"2018 IEEE Data Science Workshop (DSW …","ieeexplore.ieee.org","https://ieeexplore.ieee.org/abstract/document/8439915/","https://scholar.google.com/scholar?cites=11672246439341391704&as_sdt=2005&sciodt=2007&hl=en",35,"2025-02-06 14:27:32","","","","",,,,,13,1.86,7,2,7,"… In this work, we outline this outreach program, the Michigan Data Science Team, and … programs, until the advent of the Michigan Data Science Team (MDST)1. The authors have served …","","https://scholar.google.com/scholar?q=related:WP_CW0sm_KEJ:scholar.google.com/&scioq=intitle:%22data+science+team%22%7Cintitle:%22data+science+team%22%7Cintitle:%22data+science+teams%22%7Cintitle:%22teams+in+data+science%22%7Cintitle:%22time+de+ci%C3%AAncia+de+dados%22%7Cintitle:%22data+science+roles%22&hl=en&as_sdt=2007"
12,"K Dubovikov","Managing Data Science: Effective strategies to manage data science projects and build a sustainable team",2019,"","books.google.com","https://books.google.com/books?hl=en&lr=&id=sv-9DwAAQBAJ&oi=fnd&pg=PP2&dq=%22data+science+team%22%7C%22data+science+team%22%7C%22data+science+teams%22%7C%22teams+in+data+science%22%7C%22time+de+ci%C3%AAncia+de+dados%22%7C%22data+science+roles%22&ots=ScL55tRS-9&sig=Ig7hf7ej-CwqPssiTDzcX9DungE","https://scholar.google.com/scholar?cites=11543693358184890843&as_sdt=2005&sciodt=2007&hl=en",6,"2025-02-06 14:27:32","BOOK","","","",,,,,12,2.00,12,1,6,"… Any data science project requires a balanced skillful team, and this book will present helpful advice for hiring and growing a skillful data science team for your organization. The book …","","https://scholar.google.com/scholar?q=related:24GluvJvM6AJ:scholar.google.com/&scioq=intitle:%22data+science+team%22%7Cintitle:%22data+science+team%22%7Cintitle:%22data+science+teams%22%7Cintitle:%22teams+in+data+science%22%7Cintitle:%22time+de+ci%C3%AAncia+de+dados%22%7Cintitle:%22data+science+roles%22&hl=en&as_sdt=2007"
10,"E Colson","Why data science teams need generalists, not specialists",2019,"Harvard Business Review","","","https://scholar.google.com/scholar?cites=2353471162437301232&as_sdt=2005&sciodt=2007&hl=en",17,"2025-02-06 14:27:32","CITATION","","","",,,,,10,1.67,10,1,6,"","","https://scholar.google.com/scholar?q=related:8HMzko01qSAJ:scholar.google.com/&scioq=intitle:%22data+science+team%22%7Cintitle:%22data+science+team%22%7Cintitle:%22data+science+teams%22%7Cintitle:%22teams+in+data+science%22%7Cintitle:%22time+de+ci%C3%AAncia+de+dados%22%7Cintitle:%22data+science+roles%22&hl=en&as_sdt=2007"
9,"DJ Patil","Building data science teams: Data science teams need people with the skills and curiosity to ask the big questions",2014,"","Retrieved","","https://scholar.google.com/scholar?cites=4201013212700428743&as_sdt=2005&sciodt=2007&hl=en",59,"2025-02-06 14:27:32","CITATION","","","",,,,,9,0.82,9,1,11,"","","https://scholar.google.com/scholar?q=related:x0m7T0L_TDoJ:scholar.google.com/&scioq=intitle:%22data+science+team%22%7Cintitle:%22data+science+team%22%7Cintitle:%22data+science+teams%22%7Cintitle:%22teams+in+data+science%22%7Cintitle:%22time+de+ci%C3%AAncia+de+dados%22%7Cintitle:%22data+science+roles%22&hl=en&as_sdt=2007"
9,"JS Saltz","Identifying the key drivers for teams to use a data science process methodology",2018,"26th European Conference on Information Systems …","experts.syr.edu","https://experts.syr.edu/en/publications/identifying-the-key-drivers-for-teams-to-use-a-data-science-proce","https://scholar.google.com/scholar?cites=938680463056640695&as_sdt=2005&sciodt=2007&hl=en",92,"2025-02-06 14:27:32","","","","",,,,,9,1.29,9,1,7,"While data science teams do not yet typically use a standard team process methodology, researchers are starting to explore process methodologies that improve team performance. …","","https://scholar.google.com/scholar?q=related:txoXZujcBg0J:scholar.google.com/&scioq=intitle:%22data+science+team%22%7Cintitle:%22data+science+team%22%7Cintitle:%22data+science+teams%22%7Cintitle:%22teams+in+data+science%22%7Cintitle:%22time+de+ci%C3%AAncia+de+dados%22%7Cintitle:%22data+science+roles%22&hl=en&as_sdt=2007"
6,"A Roy, D Raghunandan, N Elmqvist…","How I Met Your Data Science Team: A Tale of Effective Communication",2023,"2023 IEEE Symposium …","ieeexplore.ieee.org","https://ieeexplore.ieee.org/abstract/document/10305667/","https://scholar.google.com/scholar?cites=1682406700439513927&as_sdt=2005&sciodt=2007&hl=en",9,"2025-02-06 14:27:32","","","","",,,,,6,3.00,2,4,2,"… in real-world data science teams, our work is still limited in … data science teams is not a big number, and it is likely that our unique sample is not fully representative of data science teams …","","https://scholar.google.com/scholar?q=related:Rytv8_obWRcJ:scholar.google.com/&scioq=intitle:%22data+science+team%22%7Cintitle:%22data+science+team%22%7Cintitle:%22data+science+teams%22%7Cintitle:%22teams+in+data+science%22%7Cintitle:%22time+de+ci%C3%AAncia+de+dados%22%7Cintitle:%22data+science+roles%22&hl=en&as_sdt=2007"
6,"U Fayyad, H Hamutcu","From unicorn data scientist to key roles in data science: Standardizing roles",2022,"","hdsr.mitpress.mit.edu","https://hdsr.mitpress.mit.edu/pub/60qq269p","https://scholar.google.com/scholar?cites=17270699409587978794&as_sdt=2005&sciodt=2007&hl=en",15,"2025-02-06 14:27:32","HTML","","","",,,,,6,2.00,3,2,3,"… We believe our specification will reduce the confusion around data science roles and guide … Section 2 summarizes the data sources that helped us build our view of data science roles. …","https://hdsr.mitpress.mit.edu/pub/60qq269p","https://scholar.google.com/scholar?q=related:KkIK45vZre8J:scholar.google.com/&scioq=intitle:%22data+science+team%22%7Cintitle:%22data+science+team%22%7Cintitle:%22data+science+teams%22%7Cintitle:%22teams+in+data+science%22%7Cintitle:%22time+de+ci%C3%AAncia+de+dados%22%7Cintitle:%22data+science+roles%22&hl=en&as_sdt=2007"
6,"S Lahiri, J Saltz","Evaluating Data Science Project Agility by Exploring Process Frameworks Used by Data Science Teams",2023,"","aisel.aisnet.org","https://aisel.aisnet.org/hicss-56/st/agile_development/7/","https://scholar.google.com/scholar?cites=6892710877346176008&as_sdt=2005&sciodt=2007&hl=en",24,"2025-02-06 14:27:32","","","","",,,,,6,3.00,3,2,2,"The lack of effective team process is often noted as one of the key drivers of data science project inefficiencies and failures. To help address this challenge, this research reports on semi-…","https://scholarspace.manoa.hawaii.edu/bitstreams/7fe7d024-3885-43fe-84e8-e7302ed6445f/download","https://scholar.google.com/scholar?q=related:CJywFwbUp18J:scholar.google.com/&scioq=intitle:%22data+science+team%22%7Cintitle:%22data+science+team%22%7Cintitle:%22data+science+teams%22%7Cintitle:%22teams+in+data+science%22%7Cintitle:%22time+de+ci%C3%AAncia+de+dados%22%7Cintitle:%22data+science+roles%22&hl=en&as_sdt=2007"
6,"Y Katsis, CT Wolf","ModelLens: An Interactive System to Support the Model Improvement Practices of Data Science Teams",2019,"Companion Publication of the 2019 Conference on …","dl.acm.org","https://dl.acm.org/doi/abs/10.1145/3311957.3359512","https://scholar.google.com/scholar?cites=4285017274685843828&as_sdt=2005&sciodt=2007&hl=en",39,"2025-02-06 14:27:32","","10.1145/3311957.3359512","","",,,,,6,1.00,3,2,6,"This demo presents ModelLens, an interactive system designed to support data science teams in their model improvement practices. A central component of improving models is …","","https://scholar.google.com/scholar?q=related:dOkPIoJwdzsJ:scholar.google.com/&scioq=intitle:%22data+science+team%22%7Cintitle:%22data+science+team%22%7Cintitle:%22data+science+teams%22%7Cintitle:%22teams+in+data+science%22%7Cintitle:%22time+de+ci%C3%AAncia+de+dados%22%7Cintitle:%22data+science+roles%22&hl=en&as_sdt=2007"
6,"RS Team","Open source &professional software for data science teams",2022,"RStudio: Integrated Development for R, RStudio, PBC","","","https://scholar.google.com/scholar?cites=13072777416614312460&as_sdt=2005&sciodt=2007&hl=en",71,"2025-02-06 14:27:32","CITATION","","","",,,,,6,2.00,6,1,3,"","","https://scholar.google.com/scholar?q=related:DHoLQczVa7UJ:scholar.google.com/&scioq=intitle:%22data+science+team%22%7Cintitle:%22data+science+team%22%7Cintitle:%22data+science+teams%22%7Cintitle:%22teams+in+data+science%22%7Cintitle:%22time+de+ci%C3%AAncia+de+dados%22%7Cintitle:%22data+science+roles%22&hl=en&as_sdt=2007"
5,"T Patil, AK Bhavsar","Data science team roles and need of data science: a review of different cases",2021,"… Science and Intelligent Applications: Proceedings of …","Springer","https://link.springer.com/chapter/10.1007/978-981-15-4474-3_2","https://scholar.google.com/scholar?cites=5186586718072230101&as_sdt=2005&sciodt=2007&hl=en",1,"2025-02-06 14:27:32","","10.1007/978-981-15-4474-3_2","","",,,,,5,1.25,3,2,4,"… employ their data science teams with the desired skills. … job conducting data science to a data science team [1]. We lack … person to be hired in a data science team for a specific role). To …","https://www.academia.edu/download/119045108/Conference_ICDSIA_bok_sentiment_analysis_an_evaluation.pdf#page=25","https://scholar.google.com/scholar?q=related:1VB07yN1-kcJ:scholar.google.com/&scioq=intitle:%22data+science+team%22%7Cintitle:%22data+science+team%22%7Cintitle:%22data+science+teams%22%7Cintitle:%22teams+in+data+science%22%7Cintitle:%22time+de+ci%C3%AAncia+de+dados%22%7Cintitle:%22data+science+roles%22&hl=en&as_sdt=2007"
5,"K Matsudaira","The Science of Managing Data Science: Lessons learned managing a data science research team",2015,"Queue","dl.acm.org","https://dl.acm.org/doi/abs/10.1145/2756506.2767971","https://scholar.google.com/scholar?cites=8079503410286318051&as_sdt=2005&sciodt=2007&hl=en",13,"2025-02-06 14:27:32","","10.1145/2756506.2767971","","",,,,,5,0.50,5,1,10,"… The data science team was measuring their results, and we would complete an experiment, but how did we know when an algorithm or model was good enough to be integrated into …","https://dl.acm.org/doi/pdf/10.1145/2756506.2767971","https://scholar.google.com/scholar?q=related:41Gsa4spIHAJ:scholar.google.com/&scioq=intitle:%22data+science+team%22%7Cintitle:%22data+science+team%22%7Cintitle:%22data+science+teams%22%7Cintitle:%22teams+in+data+science%22%7Cintitle:%22time+de+ci%C3%AAncia+de+dados%22%7Cintitle:%22data+science+roles%22&hl=en&as_sdt=2007"
5,"M Stelmaszak","Inside a data science team: Data crafting in generating strategic value from analytics",2022,"","aisel.aisnet.org","https://aisel.aisnet.org/ecis2022_rp/86/","https://scholar.google.com/scholar?cites=1798798912370854434&as_sdt=2005&sciodt=2007&hl=en",37,"2025-02-06 14:27:32","","","","",,,,,5,1.67,5,1,3,"… This research reports on the work of an embedded data science team at an organization striving to … Our findings have implications on understanding the role of data science teams and …","","https://scholar.google.com/scholar?q=related:Iko5khSe9hgJ:scholar.google.com/&scioq=intitle:%22data+science+team%22%7Cintitle:%22data+science+team%22%7Cintitle:%22data+science+teams%22%7Cintitle:%22teams+in+data+science%22%7Cintitle:%22time+de+ci%C3%AAncia+de+dados%22%7Cintitle:%22data+science+roles%22&hl=en&as_sdt=2007"
4,"PHEG Cell","PHE Epidemiology Cell, PHE Contact Tracing Data Team, PHE Health, Protection Data Science Team, PHE Joint Modelling Team, NHS Test and Trace …",2021,"Public Health Scotland and EAVE group, Contributions …","","","https://scholar.google.com/scholar?cites=16827029515408403185&as_sdt=2005&sciodt=2007&hl=en",61,"2025-02-06 14:27:32","CITATION","","","",,,,,4,1.00,4,1,4,"","","https://scholar.google.com/scholar?q=related:8Wru2jCehekJ:scholar.google.com/&scioq=intitle:%22data+science+team%22%7Cintitle:%22data+science+team%22%7Cintitle:%22data+science+teams%22%7Cintitle:%22teams+in+data+science%22%7Cintitle:%22time+de+ci%C3%AAncia+de+dados%22%7Cintitle:%22data+science+roles%22&hl=en&as_sdt=2007"
4,"RS Team","Open source &professional software for data science teams-RStudio",2020,"","","","https://scholar.google.com/scholar?cites=10485441410967011296&as_sdt=2005&sciodt=2007&hl=en",72,"2025-02-06 14:27:32","CITATION","","","",,,,,4,0.80,4,1,5,"","","https://scholar.google.com/scholar?q=related:4P_btWjFg5EJ:scholar.google.com/&scioq=intitle:%22data+science+team%22%7Cintitle:%22data+science+team%22%7Cintitle:%22data+science+teams%22%7Cintitle:%22teams+in+data+science%22%7Cintitle:%22time+de+ci%C3%AAncia+de+dados%22%7Cintitle:%22data+science+roles%22&hl=en&as_sdt=2007"
3,"T Aho, T Kilamo, L Lwakatare…","Managing and Composing Teams in Data Science: An Empirical Study",2021,"… Conference on Big …","ieeexplore.ieee.org","https://ieeexplore.ieee.org/abstract/document/9671737/","https://scholar.google.com/scholar?cites=9516524272467988307&as_sdt=2005&sciodt=2007&hl=en",3,"2025-02-06 14:27:32","","","","",,,,,3,0.75,1,4,4,"… [5] reported that 82% of data science teams did not follow any explicit project management … Similarities in the work of data science teams to software development prior to the …","https://trepo.tuni.fi/bitstream/handle/10024/137766/PREPRINT_BigData.pdf?sequence=1","https://scholar.google.com/scholar?q=related:U0_WtGd8EYQJ:scholar.google.com/&scioq=intitle:%22data+science+team%22%7Cintitle:%22data+science+team%22%7Cintitle:%22data+science+teams%22%7Cintitle:%22teams+in+data+science%22%7Cintitle:%22time+de+ci%C3%AAncia+de+dados%22%7Cintitle:%22data+science+roles%22&hl=en&as_sdt=2007"
3,"J Saltz","Nine Questions to Evaluate a Data Science Team's Process: Exploring a Big Data Science Team Process Evaluation Framework Via a Delphi Study",2022,"2022 IEEE International Conference on Big Data (Big …","ieeexplore.ieee.org","https://ieeexplore.ieee.org/abstract/document/10020499/","https://scholar.google.com/scholar?cites=14830404685473252766&as_sdt=2005&sciodt=2007&hl=en",18,"2025-02-06 14:27:32","","","","",,,,,3,1.00,3,1,3,"… data science team’s process. Without an evaluation framework, it is difficult for data science teams … , identified nine key questions a data science team could answer to help evaluate their …","","https://scholar.google.com/scholar?q=related:ngXskHwu0M0J:scholar.google.com/&scioq=intitle:%22data+science+team%22%7Cintitle:%22data+science+team%22%7Cintitle:%22data+science+teams%22%7Cintitle:%22teams+in+data+science%22%7Cintitle:%22time+de+ci%C3%AAncia+de+dados%22%7Cintitle:%22data+science+roles%22&hl=en&as_sdt=2007"
3,"J Adamson","Minding the machines: building and leading data science and analytics teams",2021,"","books.google.com","https://books.google.com/books?hl=en&lr=&id=pyw1EAAAQBAJ&oi=fnd&pg=PT157&dq=%22data+science+team%22%7C%22data+science+team%22%7C%22data+science+teams%22%7C%22teams+in+data+science%22%7C%22time+de+ci%C3%AAncia+de+dados%22%7C%22data+science+roles%22&ots=dGRe310o1U&sig=6yw42Tl-LUAWuDxN3GiSSwx15wU","https://scholar.google.com/scholar?cites=5091608556783829912&as_sdt=2005&sciodt=2007&hl=en",26,"2025-02-06 14:27:32","BOOK","","","",,,,,3,0.75,3,1,4,"… , human resources, marketing, technology, or finance, you will no longer be able to effectively compete without leveraging the talent and capabilities of the data science teams. …","","https://scholar.google.com/scholar?q=related:mINwggEHqUYJ:scholar.google.com/&scioq=intitle:%22data+science+team%22%7Cintitle:%22data+science+team%22%7Cintitle:%22data+science+teams%22%7Cintitle:%22teams+in+data+science%22%7Cintitle:%22time+de+ci%C3%AAncia+de+dados%22%7Cintitle:%22data+science+roles%22&hl=en&as_sdt=2007"
3,"KF Kee, A Olshansky, S Xu","An organizational framework of institutional stakeholder engagement for capacity to support big data science teams towards cyberinfrastructure diffusion",2022,"… Conference on Big Data (Big Data …","ieeexplore.ieee.org","https://ieeexplore.ieee.org/abstract/document/10020213/","https://scholar.google.com/scholar?cites=13895750105972891085&as_sdt=2005&sciodt=2007&hl=en",38,"2025-02-06 14:27:32","","","","",,,,,3,1.00,1,3,3,"… for big data science teams toward … big data science teams from an important context, which is scientific and academic in nature. We argue that the capacity of a big data science team …","","https://scholar.google.com/scholar?q=related:zV0cOhmf18AJ:scholar.google.com/&scioq=intitle:%22data+science+team%22%7Cintitle:%22data+science+team%22%7Cintitle:%22data+science+teams%22%7Cintitle:%22teams+in+data+science%22%7Cintitle:%22time+de+ci%C3%AAncia+de+dados%22%7Cintitle:%22data+science+roles%22&hl=en&as_sdt=2007"
3,"Data Science Team","Validación cruzada k-fold. Data Science Team",2020,"","","","https://scholar.google.com/scholar?cites=294217617955509436&as_sdt=2005&sciodt=2007&hl=en",41,"2025-02-06 14:27:32","CITATION","","","",,,,,3,0.60,3,1,5,"","","https://scholar.google.com/scholar?q=related:vFTmXF1FFQQJ:scholar.google.com/&scioq=intitle:%22data+science+team%22%7Cintitle:%22data+science+team%22%7Cintitle:%22data+science+teams%22%7Cintitle:%22teams+in+data+science%22%7Cintitle:%22time+de+ci%C3%AAncia+de+dados%22%7Cintitle:%22data+science+roles%22&hl=en&as_sdt=2007"
3,"K Crowston, JS Saltz, A Rezgui, Y Hegde…","MIDST: A system to support stigmergic coordination in data-science teams",2019,"… Publication of the 2019 …","dl.acm.org","https://dl.acm.org/doi/abs/10.1145/3311957.3359509","https://scholar.google.com/scholar?cites=18347021467188435747&as_sdt=2005&sciodt=2007&hl=en",44,"2025-02-06 14:27:32","","10.1145/3311957.3359509","","",,,,,3,0.50,1,5,6,"We demonstrate MIDST, a system we developed to support stigmergic coordination in data-science teams, that is, coordination supported by a shared work product. To improve …","https://dl.acm.org/doi/pdf/10.1145/3311957.3359509","https://scholar.google.com/scholar?q=related:I5s7VtG2nf4J:scholar.google.com/&scioq=intitle:%22data+science+team%22%7Cintitle:%22data+science+team%22%7Cintitle:%22data+science+teams%22%7Cintitle:%22teams+in+data+science%22%7Cintitle:%22time+de+ci%C3%AAncia+de+dados%22%7Cintitle:%22data+science+roles%22&hl=en&as_sdt=2007"
3,"A Linden, C Idoine, J Hare, E Brethenoux","Staffing Data Science Teams: Map Capabilities to Key Roles. Retrieved October 15, 2019",2018,"","","","https://scholar.google.com/scholar?cites=16563641108208596889&as_sdt=2005&sciodt=2007&hl=en",60,"2025-02-06 14:27:32","CITATION","","","",,,,,3,0.43,1,4,7,"","","https://scholar.google.com/scholar?q=related:mbfUedTf3eUJ:scholar.google.com/&scioq=intitle:%22data+science+team%22%7Cintitle:%22data+science+team%22%7Cintitle:%22data+science+teams%22%7Cintitle:%22teams+in+data+science%22%7Cintitle:%22time+de+ci%C3%AAncia+de+dados%22%7Cintitle:%22data+science+roles%22&hl=en&as_sdt=2007"
3,"J Deuse, R Wöstmann, L Schulte, T Panusch…","… competence development for role models in data-driven value creation. The citizen data scientist in the centre of industrial data science teams",2021,"… für die datengetriebene …","","","https://scholar.google.com/scholar?cites=2136636650904638446&as_sdt=2005&sciodt=2007&hl=en",62,"2025-02-06 14:27:32","CITATION","","","",,,,,3,0.75,1,5,4,"","","https://scholar.google.com/scholar?q=related:7lNAr7bbph0J:scholar.google.com/&scioq=intitle:%22data+science+team%22%7Cintitle:%22data+science+team%22%7Cintitle:%22data+science+teams%22%7Cintitle:%22teams+in+data+science%22%7Cintitle:%22time+de+ci%C3%AAncia+de+dados%22%7Cintitle:%22data+science+roles%22&hl=en&as_sdt=2007"
3,"CM Hansen, S Healey, M Hofton, G Hurtt, L Fatoyinbo…","Global Ecosystem Dynamics Investigation (GEDI) Level 1B User Guide For SDPS PGEVersion 3 (P003) of GEDI L1B Data Science Team",2020,"Sci. Remote Sens","","","https://scholar.google.com/scholar?cites=5433246382151808579&as_sdt=2005&sciodt=2007&hl=en",65,"2025-02-06 14:27:32","CITATION","","","",,,,,3,0.60,1,6,5,"","","https://scholar.google.com/scholar?q=related:Q7ZVSczEZksJ:scholar.google.com/&scioq=intitle:%22data+science+team%22%7Cintitle:%22data+science+team%22%7Cintitle:%22data+science+teams%22%7Cintitle:%22teams+in+data+science%22%7Cintitle:%22time+de+ci%C3%AAncia+de+dados%22%7Cintitle:%22data+science+roles%22&hl=en&as_sdt=2007"
3,"DM Zorri, M Derezovski","Big Data Conflict Forecasting: Operationalizing the Data Science Team",2021,"Occasional paper. Joint Special Operating University …","","","https://scholar.google.com/scholar?cites=9492731875906173634&as_sdt=2005&sciodt=2007&hl=en",67,"2025-02-06 14:27:32","CITATION","","","",,,,,3,0.75,2,2,4,"","","https://scholar.google.com/scholar?q=related:wjpqs1j1vIMJ:scholar.google.com/&scioq=intitle:%22data+science+team%22%7Cintitle:%22data+science+team%22%7Cintitle:%22data+science+teams%22%7Cintitle:%22teams+in+data+science%22%7Cintitle:%22time+de+ci%C3%AAncia+de+dados%22%7Cintitle:%22data+science+roles%22&hl=en&as_sdt=2007"
3,"GR Gendron, S Mortimer, T Crane, C Haynes","Transforming data science teams in the future",2017,"","Federal data science: Transforming …","","https://scholar.google.com/scholar?cites=3244106585107876178&as_sdt=2005&sciodt=2007&hl=en",73,"2025-02-06 14:27:32","CITATION","","","",,,,,3,0.38,1,4,8,"","","https://scholar.google.com/scholar?q=related:UkncSsBhBS0J:scholar.google.com/&scioq=intitle:%22data+science+team%22%7Cintitle:%22data+science+team%22%7Cintitle:%22data+science+teams%22%7Cintitle:%22teams+in+data+science%22%7Cintitle:%22time+de+ci%C3%AAncia+de+dados%22%7Cintitle:%22data+science+roles%22&hl=en&as_sdt=2007"
3,"MT Luca","Wu, and the Yelp Data Science Team (2015),“Is Google degrading search",,"Consumer Harm from Universal Search”(http://www-scf …","","","https://scholar.google.com/scholar?cites=6440236274333542684&as_sdt=2005&sciodt=2007&hl=en",77,"2025-02-06 14:27:32","CITATION","","","",,,,,3,0.00,3,1,,"","","https://scholar.google.com/scholar?q=related:HGk8CcVQYFkJ:scholar.google.com/&scioq=intitle:%22data+science+team%22%7Cintitle:%22data+science+team%22%7Cintitle:%22data+science+teams%22%7Cintitle:%22teams+in+data+science%22%7Cintitle:%22time+de+ci%C3%AAncia+de+dados%22%7Cintitle:%22data+science+roles%22&hl=en&as_sdt=2007"
3,"S Dhungana","On building effective data science teams",2019,"","","","https://scholar.google.com/scholar?cites=8778462895794476943&as_sdt=2005&sciodt=2007&hl=en",85,"2025-02-06 14:27:32","CITATION","","","",,,,,3,0.50,3,1,6,"","","https://scholar.google.com/scholar?q=related:j9fGUX5d03kJ:scholar.google.com/&scioq=intitle:%22data+science+team%22%7Cintitle:%22data+science+team%22%7Cintitle:%22data+science+teams%22%7Cintitle:%22teams+in+data+science%22%7Cintitle:%22time+de+ci%C3%AAncia+de+dados%22%7Cintitle:%22data+science+roles%22&hl=en&as_sdt=2007"
3,"RS Geiger, D Sholler, A Culich, C Martinez…","Challenges of Doing Data-Intensive Research in Teams, Labs, and Groups: Report from the BIDS Best Practices in Data Science Series",2018,"","osf.io","https://osf.io/preprints/socarxiv/a7b3m/","https://scholar.google.com/scholar?cites=4547668800276387735&as_sdt=2005&sciodt=2007&hl=en",93,"2025-02-06 14:27:32","","","","",,,,,3,0.43,1,5,7,"What are the challenges and best practices for doing data-intensive research in teams, labs, and other groups? This paper reports from a discussion in which researchers from many …","https://osf.io/preprints/socarxiv/a7b3m/download","https://scholar.google.com/scholar?q=related:l9eZ5K2QHD8J:scholar.google.com/&scioq=intitle:%22data+science+team%22%7Cintitle:%22data+science+team%22%7Cintitle:%22data+science+teams%22%7Cintitle:%22teams+in+data+science%22%7Cintitle:%22time+de+ci%C3%AAncia+de+dados%22%7Cintitle:%22data+science+roles%22&hl=en&as_sdt=2007"
2,"M Stelmaszak, K Kline","Managing Embedded Data Science Teams for Success: How Managers Can Navigate the Advantages and Challenges of Distributed Data Science",2023,"","hdsr.mitpress.mit.edu","https://hdsr.mitpress.mit.edu/pub/wfr9k3vq","https://scholar.google.com/scholar?cites=9218401013928820571&as_sdt=2005&sciodt=2007&hl=en",19,"2025-02-06 14:27:32","HTML","","","",,,,,2,1.00,1,2,2,"… choices, embedding data science teams in functional departments. … We conducted a case study of a data science team … organized as an embedded data science team, working solely on …","https://hdsr.mitpress.mit.edu/pub/wfr9k3vq","https://scholar.google.com/scholar?q=related:W_9TiOFW7n8J:scholar.google.com/&scioq=intitle:%22data+science+team%22%7Cintitle:%22data+science+team%22%7Cintitle:%22data+science+teams%22%7Cintitle:%22teams+in+data+science%22%7Cintitle:%22time+de+ci%C3%AAncia+de+dados%22%7Cintitle:%22data+science+roles%22&hl=en&as_sdt=2007"
2,"I Rodrigues","How to run a data science team: TDSP and crisp methodologies",2019,"Blog post at Towards Data Science","","","https://scholar.google.com/scholar?cites=11523869343484866422&as_sdt=2005&sciodt=2007&hl=en",68,"2025-02-06 14:27:32","CITATION","","","",,,,,2,0.33,2,1,6,"","","https://scholar.google.com/scholar?q=related:du9toBwC7Z8J:scholar.google.com/&scioq=intitle:%22data+science+team%22%7Cintitle:%22data+science+team%22%7Cintitle:%22data+science+teams%22%7Cintitle:%22teams+in+data+science%22%7Cintitle:%22time+de+ci%C3%AAncia+de+dados%22%7Cintitle:%22data+science+roles%22&hl=en&as_sdt=2007"
2,"V Sek","Behind The Screens: Meet The Woman Who Built Shopee's Data Science Team From Scratch', Vulcan Post",2019,"","","","https://scholar.google.com/scholar?cites=800397471838406135&as_sdt=2005&sciodt=2007&hl=en",69,"2025-02-06 14:27:32","CITATION","","","",,,,,2,0.33,2,1,6,"","","https://scholar.google.com/scholar?q=related:94UMjEKVGwsJ:scholar.google.com/&scioq=intitle:%22data+science+team%22%7Cintitle:%22data+science+team%22%7Cintitle:%22data+science+teams%22%7Cintitle:%22teams+in+data+science%22%7Cintitle:%22time+de+ci%C3%AAncia+de+dados%22%7Cintitle:%22data+science+roles%22&hl=en&as_sdt=2007"
2,"M Church","COVID-19 and the Creative Economy: Takeaways from Patreon's Data Science Team. Patreon Blog",2020,"Patreon Blog. https://blog. patreon. com/covid-19 …","","","https://scholar.google.com/scholar?cites=10919127357678455417&as_sdt=2005&sciodt=2007&hl=en",70,"2025-02-06 14:27:32","CITATION","","","",,,,,2,0.40,2,1,5,"","","https://scholar.google.com/scholar?q=related:eYqs03qIiJcJ:scholar.google.com/&scioq=intitle:%22data+science+team%22%7Cintitle:%22data+science+team%22%7Cintitle:%22data+science+teams%22%7Cintitle:%22teams+in+data+science%22%7Cintitle:%22time+de+ci%C3%AAncia+de+dados%22%7Cintitle:%22data+science+roles%22&hl=en&as_sdt=2007"
2,"RSO Source","Professional Software for Data Science Teams—RStudio.[(accessed on 2 September 2021)]",,"","","","https://scholar.google.com/scholar?cites=11209206396367088275&as_sdt=2005&sciodt=2007&hl=en",74,"2025-02-06 14:27:32","CITATION","","","",,,,,2,0.00,2,1,,"","","https://scholar.google.com/scholar?q=related:kyp_HdQZj5sJ:scholar.google.com/&scioq=intitle:%22data+science+team%22%7Cintitle:%22data+science+team%22%7Cintitle:%22data+science+teams%22%7Cintitle:%22teams+in+data+science%22%7Cintitle:%22time+de+ci%C3%AAncia+de+dados%22%7Cintitle:%22data+science+roles%22&hl=en&as_sdt=2007"
2,"FH is a zero setup Deep","Learning platform for productive data science teams",2018,"","","","https://scholar.google.com/scholar?cites=16237226658700211374&as_sdt=2005&sciodt=2007&hl=en",75,"2025-02-06 14:27:32","CITATION","","","",,,,,2,0.29,2,1,7,"","","https://scholar.google.com/scholar?q=related:rjRUGZ43VuEJ:scholar.google.com/&scioq=intitle:%22data+science+team%22%7Cintitle:%22data+science+team%22%7Cintitle:%22data+science+teams%22%7Cintitle:%22teams+in+data+science%22%7Cintitle:%22time+de+ci%C3%AAncia+de+dados%22%7Cintitle:%22data+science+roles%22&hl=en&as_sdt=2007"
2,"J Boyce","Sentiment Analysis 101: How Sprout's Data Science Team Built a Hybrid Model",2017,"","","","https://scholar.google.com/scholar?cites=15472851287339215941&as_sdt=2005&sciodt=2007&hl=en",76,"2025-02-06 14:27:32","CITATION","","","",,,,,2,0.25,2,1,8,"","","https://scholar.google.com/scholar?q=related:RaxMZEScutYJ:scholar.google.com/&scioq=intitle:%22data+science+team%22%7Cintitle:%22data+science+team%22%7Cintitle:%22data+science+teams%22%7Cintitle:%22teams+in+data+science%22%7Cintitle:%22time+de+ci%C3%AAncia+de+dados%22%7Cintitle:%22data+science+roles%22&hl=en&as_sdt=2007"
2,"RS Team","RStudio Open source &professional software for data science teams. rstudio. com. 2020",2021,"","","","https://scholar.google.com/scholar?cites=1187746258080214265&as_sdt=2005&sciodt=2007&hl=en",78,"2025-02-06 14:27:32","CITATION","","","",,,,,2,0.50,2,1,4,"","","https://scholar.google.com/scholar?q=related:-awrxO24exAJ:scholar.google.com/&scioq=intitle:%22data+science+team%22%7Cintitle:%22data+science+team%22%7Cintitle:%22data+science+teams%22%7Cintitle:%22teams+in+data+science%22%7Cintitle:%22time+de+ci%C3%AAncia+de+dados%22%7Cintitle:%22data+science+roles%22&hl=en&as_sdt=2007"
2,"C Idoine","Staffing Data Science Teams: Map Capabilities to Key Roles",2018,"","","","https://scholar.google.com/scholar?cites=8205189224865192273&as_sdt=2005&sciodt=2007&hl=en",80,"2025-02-06 14:27:32","CITATION","","","",,,,,2,0.29,2,1,7,"","","https://scholar.google.com/scholar?q=related:UdnzhiCw3nEJ:scholar.google.com/&scioq=intitle:%22data+science+team%22%7Cintitle:%22data+science+team%22%7Cintitle:%22data+science+teams%22%7Cintitle:%22teams+in+data+science%22%7Cintitle:%22time+de+ci%C3%AAncia+de+dados%22%7Cintitle:%22data+science+roles%22&hl=en&as_sdt=2007"
2,"MT Luca","Wu, and the Yelp Data Science Team (2015),“Is Google degrading search? Consumer Harm from Universal Search”",,"","","","https://scholar.google.com/scholar?cites=18354839811067220510&as_sdt=2005&sciodt=2007&hl=en",81,"2025-02-06 14:27:32","CITATION","","","",,,,,2,0.00,2,1,,"","","https://scholar.google.com/scholar?q=related:HhLcX499uf4J:scholar.google.com/&scioq=intitle:%22data+science+team%22%7Cintitle:%22data+science+team%22%7Cintitle:%22data+science+teams%22%7Cintitle:%22teams+in+data+science%22%7Cintitle:%22time+de+ci%C3%AAncia+de+dados%22%7Cintitle:%22data+science+roles%22&hl=en&as_sdt=2007"
2,"RSO Source","Professional Software for Data Science Teams (2021)",2020,"City","","","https://scholar.google.com/scholar?cites=14158222557181265851&as_sdt=2005&sciodt=2007&hl=en",82,"2025-02-06 14:27:32","CITATION","","","",,,,,2,0.40,2,1,5,"","","https://scholar.google.com/scholar?q=related:u0e2-2YcfMQJ:scholar.google.com/&scioq=intitle:%22data+science+team%22%7Cintitle:%22data+science+team%22%7Cintitle:%22data+science+teams%22%7Cintitle:%22teams+in+data+science%22%7Cintitle:%22time+de+ci%C3%AAncia+de+dados%22%7Cintitle:%22data+science+roles%22&hl=en&as_sdt=2007"
2,"M Theuwissen","The Different Data Science Roles in the Industry. KDnuggets, November",2015,"","","","https://scholar.google.com/scholar?cites=8909376333534799142&as_sdt=2005&sciodt=2007&hl=en",83,"2025-02-06 14:27:32","CITATION","","","",,,,,2,0.20,2,1,10,"","","https://scholar.google.com/scholar?q=related:JiWdSpJ2pHsJ:scholar.google.com/&scioq=intitle:%22data+science+team%22%7Cintitle:%22data+science+team%22%7Cintitle:%22data+science+teams%22%7Cintitle:%22teams+in+data+science%22%7Cintitle:%22time+de+ci%C3%AAncia+de+dados%22%7Cintitle:%22data+science+roles%22&hl=en&as_sdt=2007"
2,"M Theuwissen","The different data science roles in the industry",2015,"Nov-2015","","","https://scholar.google.com/scholar?cites=2784879592771696243&as_sdt=2005&sciodt=2007&hl=en",84,"2025-02-06 14:27:32","CITATION","","","",,,,,2,0.20,2,1,10,"","","https://scholar.google.com/scholar?q=related:czZkFTzhpSYJ:scholar.google.com/&scioq=intitle:%22data+science+team%22%7Cintitle:%22data+science+team%22%7Cintitle:%22data+science+teams%22%7Cintitle:%22teams+in+data+science%22%7Cintitle:%22time+de+ci%C3%AAncia+de+dados%22%7Cintitle:%22data+science+roles%22&hl=en&as_sdt=2007"
2,"AI Allegro","ClearML–MLOps for Data Science Teams",2022,"","","","https://scholar.google.com/scholar?cites=14475048315594577462&as_sdt=2005&sciodt=2007&hl=en",86,"2025-02-06 14:27:32","CITATION","","","",,,,,2,0.67,2,1,3,"","","https://scholar.google.com/scholar?q=related:NpahPcCz4cgJ:scholar.google.com/&scioq=intitle:%22data+science+team%22%7Cintitle:%22data+science+team%22%7Cintitle:%22data+science+teams%22%7Cintitle:%22teams+in+data+science%22%7Cintitle:%22time+de+ci%C3%AAncia+de+dados%22%7Cintitle:%22data+science+roles%22&hl=en&as_sdt=2007"
2,"RSO Source","Professional Software for Data Science Teams—RStudio",2017,"","RStudio: Boston, MA, USA","","https://scholar.google.com/scholar?cites=2422491690048420906&as_sdt=2005&sciodt=2007&hl=en",88,"2025-02-06 14:27:32","CITATION","","","",,,,,2,0.25,2,1,8,"","","https://scholar.google.com/scholar?q=related:KvyrcFtrniEJ:scholar.google.com/&scioq=intitle:%22data+science+team%22%7Cintitle:%22data+science+team%22%7Cintitle:%22data+science+teams%22%7Cintitle:%22teams+in+data+science%22%7Cintitle:%22time+de+ci%C3%AAncia+de+dados%22%7Cintitle:%22data+science+roles%22&hl=en&as_sdt=2007"
2,"PBC RStudio","Software RStudio| Open source &professional software for data science teams-RStudio",2022,"","","","https://scholar.google.com/scholar?cites=3382545634606695569&as_sdt=2005&sciodt=2007&hl=en",89,"2025-02-06 14:27:32","CITATION","","","",,,,,2,0.67,2,1,3,"","","https://scholar.google.com/scholar?q=related:kcRHS1U38S4J:scholar.google.com/&scioq=intitle:%22data+science+team%22%7Cintitle:%22data+science+team%22%7Cintitle:%22data+science+teams%22%7Cintitle:%22teams+in+data+science%22%7Cintitle:%22time+de+ci%C3%AAncia+de+dados%22%7Cintitle:%22data+science+roles%22&hl=en&as_sdt=2007"
2,"C O'Brien","Uber removed blog post from data science team that examined link between prostitution and rides. VentureBeat",,"","","","https://scholar.google.com/scholar?cites=697712446167946792&as_sdt=2005&sciodt=2007&hl=en",90,"2025-02-06 14:27:32","CITATION","","","",,,,,2,0.00,2,1,,"","","https://scholar.google.com/scholar?q=related:KJY17cXFrgkJ:scholar.google.com/&scioq=intitle:%22data+science+team%22%7Cintitle:%22data+science+team%22%7Cintitle:%22data+science+teams%22%7Cintitle:%22teams+in+data+science%22%7Cintitle:%22time+de+ci%C3%AAncia+de+dados%22%7Cintitle:%22data+science+roles%22&hl=en&as_sdt=2007"
1,"P Keelawat","NBGuru: Generating Explorable Data Science Flowcharts to Facilitate Asynchronous Communication in Interdisciplinary Data Science Teams",2023,"Companion Publication of the 2023 Conference on …","dl.acm.org","https://dl.acm.org/doi/abs/10.1145/3584931.3607020","https://scholar.google.com/scholar?cites=3861272927896389742&as_sdt=2005&sciodt=2007&hl=en",42,"2025-02-06 14:27:32","","10.1145/3584931.3607020","","",,,,,1,0.50,1,1,2,"Data scientists typically work with domain experts in a Data Science (DS) project, resulting in knowledge gaps between roles. Communication holds an immense and difficult workload …","https://dl.acm.org/doi/pdf/10.1145/3584931.3607020","https://scholar.google.com/scholar?q=related:bsgYIEX_lTUJ:scholar.google.com/&scioq=intitle:%22data+science+team%22%7Cintitle:%22data+science+team%22%7Cintitle:%22data+science+teams%22%7Cintitle:%22teams+in+data+science%22%7Cintitle:%22time+de+ci%C3%AAncia+de+dados%22%7Cintitle:%22data+science+roles%22&hl=en&as_sdt=2007"
1,"C Constantinescu","Using generalised additive mixed models (gamms) to predict visitors to edinburgh and craigmillar castles. Technical blog from our data science team",2019,"","","","https://scholar.google.com/scholar?cites=1439197617175826946&as_sdt=2005&sciodt=2007&hl=en",79,"2025-02-06 14:27:32","CITATION","","","",,,,,1,0.17,1,1,6,"","","https://scholar.google.com/scholar?q=related:ApJajZsO-RMJ:scholar.google.com/&scioq=intitle:%22data+science+team%22%7Cintitle:%22data+science+team%22%7Cintitle:%22data+science+teams%22%7Cintitle:%22teams+in+data+science%22%7Cintitle:%22time+de+ci%C3%AAncia+de+dados%22%7Cintitle:%22data+science+roles%22&hl=en&as_sdt=2007"
1,"DJ Patil","Building Data Science Teams. Beijing; Cambridge; Farnham",2011,"","Koln","","https://scholar.google.com/scholar?cites=5873487368218313849&as_sdt=2005&sciodt=2007&hl=en",87,"2025-02-06 14:27:32","CITATION","","","",,,,,1,0.07,1,1,14,"","","https://scholar.google.com/scholar?q=related:eYRlb6TRglEJ:scholar.google.com/&scioq=intitle:%22data+science+team%22%7Cintitle:%22data+science+team%22%7Cintitle:%22data+science+teams%22%7Cintitle:%22teams+in+data+science%22%7Cintitle:%22time+de+ci%C3%AAncia+de+dados%22%7Cintitle:%22data+science+roles%22&hl=en&as_sdt=2007"
0,"SMZM Zahoor","The Necessity for Data Science and the Roles of Data Science Teams: An Analysis of Various Cases",,"researchgate.net","","https://www.researchgate.net/profile/Md-Zubair-Sheikh/publication/359014155_The_Necessity_for_Data_Science_and_the_Roles_of_Data_Science_Teams_An_Analysis_of_Various_Cases/links/622249b6a39db062db7f44d6/The-Necessity-for-Data-Science-and-the-Roles-of-Data-Science-Teams-An-Analysis-of-Various-Cases.pdf?origin=journalDetail&_tp=eyJwYWdlIjoiam91cm5hbERldGFpbCJ9","",10,"2025-02-06 14:27:32","PDF","","","",,,,,0,0.00,0,1,,"… data science team. In this novel situation, we lack a vocabulary to set apart the roles and abilities required for functioning data science team … certain position in a data science team). This …","https://www.researchgate.net/profile/Md-Zubair-Sheikh/publication/359014155_The_Necessity_for_Data_Science_and_the_Roles_of_Data_Science_Teams_An_Analysis_of_Various_Cases/links/622249b6a39db062db7f44d6/The-Necessity-for-Data-Science-and-the-Roles-of-Data-Science-Teams-An-Analysis-of-Various-Cases.pdf?origin=journalDetail&_tp=eyJwYWdlIjoiam91cm5hbERldGFpbCJ9","https://scholar.google.com/scholar?q=related:9qV8rFRnGu4J:scholar.google.com/&scioq=intitle:%22data+science+team%22%7Cintitle:%22data+science+team%22%7Cintitle:%22data+science+teams%22%7Cintitle:%22teams+in+data+science%22%7Cintitle:%22time+de+ci%C3%AAncia+de+dados%22%7Cintitle:%22data+science+roles%22&hl=en&as_sdt=2007"
0,"HAH Handley…","Formation of Data Science Teams based on Scenario Characteristics",2021,"Proceedings of the …","journals.sagepub.com","https://journals.sagepub.com/doi/abs/10.1177/1071181321651048","",11,"2025-02-06 14:27:32","","10.1177/1071181321651048","","",,,,,0,0.00,0,2,4,"… was to provide insights to data science team design based on the … Concurrently, a set of general data science team definitions and … scenario implications on data science team design. …","","https://scholar.google.com/scholar?q=related:oPg86Eazy8oJ:scholar.google.com/&scioq=intitle:%22data+science+team%22%7Cintitle:%22data+science+team%22%7Cintitle:%22data+science+teams%22%7Cintitle:%22teams+in+data+science%22%7Cintitle:%22time+de+ci%C3%AAncia+de+dados%22%7Cintitle:%22data+science+roles%22&hl=en&as_sdt=2007"
0,"J Choi","The Effect of Role Specialization And Transactive Memory Systems On Performance in Data Science Teams",2020,"","search.proquest.com","https://search.proquest.com/openview/2ca328eaa94a8f817e16f97716aa7eb7/1?pq-origsite=gscholar&cbl=18750&diss=y","",14,"2025-02-06 14:27:32","","","","",,,,,0,0.00,0,1,5,"… for data science team cognition. The objectives of this research are: (1) To characterize role specialization in data science teams and … and TMSs in real-world data science teams; (3) To …","","https://scholar.google.com/scholar?q=related:Q9xKAkmoDqEJ:scholar.google.com/&scioq=intitle:%22data+science+team%22%7Cintitle:%22data+science+team%22%7Cintitle:%22data+science+teams%22%7Cintitle:%22teams+in+data+science%22%7Cintitle:%22time+de+ci%C3%AAncia+de+dados%22%7Cintitle:%22data+science+roles%22&hl=en&as_sdt=2007"
0,"RS Maduro, J Gendron, P Lacasse","Data Science Team Topology: An Interdisciplinary Team Framework for AI",,"modsimworld.org","","http://www.modsimworld.org/papers/2022/MODSIM_2022_paper_31.pdf","",16,"2025-02-06 14:27:32","PDF","","","",,,,,0,0.00,0,3,,"… Overall, the data science team topology captures the team's capabilities in relation to each … Recall that we propose data science teams be deliberately formed and developed as …","http://www.modsimworld.org/papers/2022/MODSIM_2022_paper_31.pdf","https://scholar.google.com/scholar?q=related:eWGtP5F9_w8J:scholar.google.com/&scioq=intitle:%22data+science+team%22%7Cintitle:%22data+science+team%22%7Cintitle:%22data+science+teams%22%7Cintitle:%22teams+in+data+science%22%7Cintitle:%22time+de+ci%C3%AAncia+de+dados%22%7Cintitle:%22data+science+roles%22&hl=en&as_sdt=2007"
0,"M Holtkemper, C Beecks","Empowering Data Science Teams: How Automation Frameworks Address Competency Gaps Across Project Lifecycles",2024,"2024 IEEE International Conference …","ieeexplore.ieee.org","https://ieeexplore.ieee.org/abstract/document/10825556/","",22,"2025-02-06 14:27:32","","","","",,,,,0,0.00,0,2,1,"In the fast-evolving field of data science, the combination of the right team competencies has a major impact on a successful project execution. These competencies, ranging from data …","","https://scholar.google.com/scholar?q=related:LbrgC-gxyZUJ:scholar.google.com/&scioq=intitle:%22data+science+team%22%7Cintitle:%22data+science+team%22%7Cintitle:%22data+science+teams%22%7Cintitle:%22teams+in+data+science%22%7Cintitle:%22time+de+ci%C3%AAncia+de+dados%22%7Cintitle:%22data+science+roles%22&hl=en&as_sdt=2007"
0,"T Chumthong, K Jitkajornwanich…","Leveraging Race Prediction Algorithms to Enhance Team Composition in Big Data Science Teams",2024,"… Conference on Big …","ieeexplore.ieee.org","https://ieeexplore.ieee.org/abstract/document/10825329/","",23,"2025-02-06 14:27:32","","","","",,,,,0,0.00,0,3,1,"As big data science projects scale in complexity, optimizing team composition has become vital for improving creativity, productivity, and project success. We explore the possibility of …","","https://scholar.google.com/scholar?q=related:l-ssowRbx4IJ:scholar.google.com/&scioq=intitle:%22data+science+team%22%7Cintitle:%22data+science+team%22%7Cintitle:%22data+science+teams%22%7Cintitle:%22teams+in+data+science%22%7Cintitle:%22time+de+ci%C3%AAncia+de+dados%22%7Cintitle:%22data+science+roles%22&hl=en&as_sdt=2007"
0,"R Tanner","Beyond the Spreadsheet: How to Grow Your Own Data Science Team",,"aceee.org","","https://www.aceee.org/files/proceedings/2017/data/polopoly_fs/1.3687874.1501159053!/fileserver/file/790263/filename/0036_0053_000047.pdf","",28,"2025-02-06 14:27:32","PDF","","","",,,,,0,0.00,0,1,,"… The decisions that the landscaping foreman and data science team lead make in picking the … a modern data science team. The first step toward growing an energy data science team is …","https://www.aceee.org/files/proceedings/2017/data/polopoly_fs/1.3687874.1501159053!/fileserver/file/790263/filename/0036_0053_000047.pdf","https://scholar.google.com/scholar?q=related:8dZYL0JSjVkJ:scholar.google.com/&scioq=intitle:%22data+science+team%22%7Cintitle:%22data+science+team%22%7Cintitle:%22data+science+teams%22%7Cintitle:%22teams+in+data+science%22%7Cintitle:%22time+de+ci%C3%AAncia+de+dados%22%7Cintitle:%22data+science+roles%22&hl=en&as_sdt=2007"
0,"P Matthews","Data Science Learning Teams A review of research into team-based learning (TBL) for data science education Teaching",,"fetstudy.uwe.ac.uk","","https://fetstudy.uwe.ac.uk/~pmatthew/posts/data-science-learning-teams/","",29,"2025-02-06 14:27:32","HTML","","","",,,,,0,0.00,0,1,,"Team-based learning asks both teachers and learners to believe that practice with concepts (rather than memorization of or telling about them) in messy, uncertain application exercises …","https://fetstudy.uwe.ac.uk/~pmatthew/posts/data-science-learning-teams/","https://scholar.google.com/scholar?q=related:Fv1rZ-BZpv8J:scholar.google.com/&scioq=intitle:%22data+science+team%22%7Cintitle:%22data+science+team%22%7Cintitle:%22data+science+teams%22%7Cintitle:%22teams+in+data+science%22%7Cintitle:%22time+de+ci%C3%AAncia+de+dados%22%7Cintitle:%22data+science+roles%22&hl=en&as_sdt=2007"
0,"C McComb, J DeFranco, T Maier","An Analysis of Design Process and Performance in Distributed Data Science Teams",2019,"","engrxiv.org","https://engrxiv.org/preprint/view/541","",30,"2025-02-06 14:27:32","","","","",,,,,0,0.00,0,3,6,"Purpose–Often, it is assumed that teams are better at solving problems than individuals working independently. However, recent work in engineering, design, and psychology …","https://engrxiv.org/preprint/download/541/1214","https://scholar.google.com/scholar?q=related:-zcxi2LDE4kJ:scholar.google.com/&scioq=intitle:%22data+science+team%22%7Cintitle:%22data+science+team%22%7Cintitle:%22data+science+teams%22%7Cintitle:%22teams+in+data+science%22%7Cintitle:%22time+de+ci%C3%AAncia+de+dados%22%7Cintitle:%22data+science+roles%22&hl=en&as_sdt=2007"
0,"B Analytics, AR MIRALLES","MANAGING PROJECTS AND TEAMS IN DATA SCIENCE",,"files.thesaurus.ie.edu","","https://files.thesaurus.ie.edu/electives-bdba-con-indice.pdf#page=110","",32,"2025-02-06 14:27:32","PDF","","","",,,,,0,0.00,0,2,,"MANAGING PROJECTS AND TEAMS IN DATA SCIENCE … In particular, it will cover what are the important aspects when developing projects and managing data science teams by …","https://files.thesaurus.ie.edu/electives-bdba-con-indice.pdf#page=110","https://scholar.google.com/scholar?q=related:g5Z8S2ZItLEJ:scholar.google.com/&scioq=intitle:%22data+science+team%22%7Cintitle:%22data+science+team%22%7Cintitle:%22data+science+teams%22%7Cintitle:%22teams+in+data+science%22%7Cintitle:%22time+de+ci%C3%AAncia+de+dados%22%7Cintitle:%22data+science+roles%22&hl=en&as_sdt=2007"
0,"JW Clark, A Xu","Plumbing for Philosophers: The Operations of a Data Science Team",,"joeclark-phd.github.io","","https://joeclark-phd.github.io/assets/files/SIGDSA_ops_of_data_science_final%20with%20abstract.pdf","",34,"2025-02-06 14:27:32","PDF","","","",,,,,0,0.00,0,2,,"… “big data apps”, or to commit to building data science teams. … data science teams to do this work. Therefore, small and medium-sized businesses without existing data science teams …","https://joeclark-phd.github.io/assets/files/SIGDSA_ops_of_data_science_final%20with%20abstract.pdf","https://scholar.google.com/scholar?q=related:TFoNekCnkO4J:scholar.google.com/&scioq=intitle:%22data+science+team%22%7Cintitle:%22data+science+team%22%7Cintitle:%22data+science+teams%22%7Cintitle:%22teams+in+data+science%22%7Cintitle:%22time+de+ci%C3%AAncia+de+dados%22%7Cintitle:%22data+science+roles%22&hl=en&as_sdt=2007"
0,"C Gröger","DEMYSTIFYING JOB ROLES IN DATA SCIENCE: A TEXT MINING APPROACH",2021,"","christophgroeger.de","https://christophgroeger.de/download/Michalczyk_Demystifying_Job_Roles_Data_Science.pdf","",36,"2025-02-06 14:27:32","PDF","","","",,,,,0,0.00,0,1,4,"The continuing proliferation of data science these days is causing organizations to reassess their workforce demands. Simultaneously, it is unclear what types of job roles, knowledge, …","https://christophgroeger.de/download/Michalczyk_Demystifying_Job_Roles_Data_Science.pdf","https://scholar.google.com/scholar?q=related:_c-kb5VxkW4J:scholar.google.com/&scioq=intitle:%22data+science+team%22%7Cintitle:%22data+science+team%22%7Cintitle:%22data+science+teams%22%7Cintitle:%22teams+in+data+science%22%7Cintitle:%22time+de+ci%C3%AAncia+de+dados%22%7Cintitle:%22data+science+roles%22&hl=en&as_sdt=2007"
0,"D Rose, D Rose","Thinking Like a Data Science Team",2016,"Data Science: Create Teams That Ask the Right …","Springer","https://link.springer.com/chapter/10.1007/978-1-4842-2253-9_9","",40,"2025-02-06 14:27:32","","10.1007/978-1-4842-2253-9_9","","",,,,,0,0.00,0,2,9,"Now that you know how to structure your team and have divided the areas of responsibility, how do you ensure that your data science team thinks like a team? In this chapter, I help you …","","https://scholar.google.com/scholar?q=related:kVIywUuicpIJ:scholar.google.com/&scioq=intitle:%22data+science+team%22%7Cintitle:%22data+science+team%22%7Cintitle:%22data+science+teams%22%7Cintitle:%22teams+in+data+science%22%7Cintitle:%22time+de+ci%C3%AAncia+de+dados%22%7Cintitle:%22data+science+roles%22&hl=en&as_sdt=2007"
0,"C Maimone, JL Sharp, O Schwartz‐Soicher, JC Oliver…","Do good: Strategies for leading an inclusive data science or statistics consulting team",2024,"Stat","Wiley Online Library","https://onlinelibrary.wiley.com/doi/abs/10.1002/sta4.687","",43,"2025-02-06 14:27:32","","10.1002/sta4.687","","",,,,,0,0.00,0,5,1,"… Supporting the statistics and data science team through the … The statistics and data science team leader can effectively … for the statistics and data science team leader might also be …","https://onlinelibrary.wiley.com/doi/pdf/10.1002/sta4.687","https://scholar.google.com/scholar?q=related:CGsmECIGfa4J:scholar.google.com/&scioq=intitle:%22data+science+team%22%7Cintitle:%22data+science+team%22%7Cintitle:%22data+science+teams%22%7Cintitle:%22teams+in+data+science%22%7Cintitle:%22time+de+ci%C3%AAncia+de+dados%22%7Cintitle:%22data+science+roles%22&hl=en&as_sdt=2007"
0,"J Gendron, S Mortimer, T Crane…","Transforming Governmental Data Science Teams in the Future",2018,"Federal Data …","Elsevier","https://www.sciencedirect.com/science/article/pii/B9780128124437000132","",45,"2025-02-06 14:27:32","","","","",,,,,0,0.00,0,4,7,"As federal departments and agencies develop data science teams, they have the responsibility to lead and transform those teams to meet future needs of the federal government by …","https://www.researchgate.net/profile/Feras-Batarseh/publication/332912484_Federal_Data_Science/links/5cd1f2da458515712e98addf/Federal-Data-Science.pdf#page=238","https://scholar.google.com/scholar?q=related:tmyFM6Ogt70J:scholar.google.com/&scioq=intitle:%22data+science+team%22%7Cintitle:%22data+science+team%22%7Cintitle:%22data+science+teams%22%7Cintitle:%22teams+in+data+science%22%7Cintitle:%22time+de+ci%C3%AAncia+de+dados%22%7Cintitle:%22data+science+roles%22&hl=en&as_sdt=2007"
0,"C McCue, B Daigle","Data Science Teams: Evolution of the Full-Contact Sport",2021,"Fletcher Sec. Rev.","HeinOnline","https://heinonline.org/hol-cgi-bin/get_pdf.cgi?handle=hein.journals/fletsrev8&section=24","",46,"2025-02-06 14:27:32","","","","",,,,,0,0.00,0,2,4,"ENTERPRISE-WIDE DATA SCIENCE: NO ONE RIDES THE BENCH recently, organizations are beginning to realize the importance of data literacy and fluency, particularly as it relates …","","https://scholar.google.com/scholar?q=related:nszb1g2cDXEJ:scholar.google.com/&scioq=intitle:%22data+science+team%22%7Cintitle:%22data+science+team%22%7Cintitle:%22data+science+teams%22%7Cintitle:%22teams+in+data+science%22%7Cintitle:%22time+de+ci%C3%AAncia+de+dados%22%7Cintitle:%22data+science+roles%22&hl=en&as_sdt=2007"
0,"M Dao, L LeFebvre","MATHEMATICAL DATA SCIENCE TEAM-BASED INSTRUCTION FOR STUDENT ENGAGEMENT IN CROSS-LISTED COURSES",,"academia.edu","","https://www.academia.edu/download/116705444/Dao_LeFebvre_2024_Data_Science_Team_based_Learning.pdf","",47,"2025-02-06 14:27:32","PDF","","","",,,,,0,0.00,0,2,,"Cross-listed courses often present instructional challenges due to the varying student academic backgrounds and experiences, especially in classroom engagement and teamwork …","https://www.academia.edu/download/116705444/Dao_LeFebvre_2024_Data_Science_Team_based_Learning.pdf","https://scholar.google.com/scholar?q=related:85XKIwjmXKwJ:scholar.google.com/&scioq=intitle:%22data+science+team%22%7Cintitle:%22data+science+team%22%7Cintitle:%22data+science+teams%22%7Cintitle:%22teams+in+data+science%22%7Cintitle:%22time+de+ci%C3%AAncia+de+dados%22%7Cintitle:%22data+science+roles%22&hl=en&as_sdt=2007"
0,"DB Ball, D Ryan","Development of Competency Models for Business Intelligence, Data Engineering and Data Science Roles at a Professional Services Firm",2023,"","ir.vanderbilt.edu","https://ir.vanderbilt.edu/items/e86f719e-56a8-4465-9864-8c9947432ded/full","",48,"2025-02-06 14:27:32","","","","",,,,,0,0.00,0,2,2,"… What are the required competencies of data science roles at the professional services firm? … matter experts of Business Intelligence, Data Engineering, and Data Science roles as have …","https://ir.vanderbilt.edu/bitstreams/3db3bfdb-f024-4e33-8a97-51226ebeab2e/download","https://scholar.google.com/scholar?q=related:7XnKBvYX2BQJ:scholar.google.com/&scioq=intitle:%22data+science+team%22%7Cintitle:%22data+science+team%22%7Cintitle:%22data+science+teams%22%7Cintitle:%22teams+in+data+science%22%7Cintitle:%22time+de+ci%C3%AAncia+de+dados%22%7Cintitle:%22data+science+roles%22&hl=en&as_sdt=2007"
0,"I Shamshurin","Improving Data Science Team Performance via the Use of a Kanban Process Framework that has Enhanced Mentoring, Coaching and Metrics Utilization",2019,"","surface.syr.edu","https://surface.syr.edu/etd/1135/","",49,"2025-02-06 14:27:32","","","","",,,,,0,0.00,0,1,6,"… now widely used in many organizations, most data science teams do not follow any specific … Kanban is one of the potential methodologies that can be used to help a data science team …","","https://scholar.google.com/scholar?q=related:KQN_Nt2mFd0J:scholar.google.com/&scioq=intitle:%22data+science+team%22%7Cintitle:%22data+science+team%22%7Cintitle:%22data+science+teams%22%7Cintitle:%22teams+in+data+science%22%7Cintitle:%22time+de+ci%C3%AAncia+de+dados%22%7Cintitle:%22data+science+roles%22&hl=en&as_sdt=2007"
0,"D Rose, D Rose","Avoiding Pitfalls in Building Your Data Science Team",2016,"Data Science: Create Teams That Ask the Right …","Springer","https://link.springer.com/chapter/10.1007/978-1-4842-2253-9_10","",50,"2025-02-06 14:27:32","","10.1007/978-1-4842-2253-9_10","","",,,,,0,0.00,0,2,9,"… In this chapter, we cover the two of the main pitfalls that affect data science teams. First, if a team reaches a consensus too quickly, it stifles discovery and is a sign that the team has …","","https://scholar.google.com/scholar?q=related:oPhkEW4JFRoJ:scholar.google.com/&scioq=intitle:%22data+science+team%22%7Cintitle:%22data+science+team%22%7Cintitle:%22data+science+teams%22%7Cintitle:%22teams+in+data+science%22%7Cintitle:%22time+de+ci%C3%AAncia+de+dados%22%7Cintitle:%22data+science+roles%22&hl=en&as_sdt=2007"
0,"R de Graaf, R de Graaf","Data Science Team Strategy: The Right Game Plan",2019,"Managing Your Data Science Projects: Learn …","Springer","https://link.springer.com/chapter/10.1007/978-1-4842-4907-9_1","",51,"2025-02-06 14:27:32","","10.1007/978-1-4842-4907-9_1","","",,,,,0,0.00,0,2,6,"… This chapter explores how to establish objectives that make sense for a data science team, and high level methods for achieving those objectives. … This chapter takes a high-level view …","","https://scholar.google.com/scholar?q=related:m8sjfM0rnvMJ:scholar.google.com/&scioq=intitle:%22data+science+team%22%7Cintitle:%22data+science+team%22%7Cintitle:%22data+science+teams%22%7Cintitle:%22teams+in+data+science%22%7Cintitle:%22time+de+ci%C3%AAncia+de+dados%22%7Cintitle:%22data+science+roles%22&hl=en&as_sdt=2007"
0,"E McLarney","NASA LaRC OCIO Data Science Team Overview 2021",2021,"Second Artificial Intelligence and Data Science …","ntrs.nasa.gov","https://ntrs.nasa.gov/api/citations/20210009911/downloads/DS%20Team%20Overview%20Feb%202021.pptx.pdf","",52,"2025-02-06 14:27:32","PDF","","","",,,,,0,0.00,0,1,4,"Purpose: Identify above anvil cirrus plumes (AACP) in satellite imagery. Problem: AACPs are typically~ 31 minute precursors to severe weather such as hail, high winds, and tornadoes. …","https://ntrs.nasa.gov/api/citations/20210009911/downloads/DS%20Team%20Overview%20Feb%202021.pptx.pdf","https://scholar.google.com/scholar?q=related:8VYUFFstj7QJ:scholar.google.com/&scioq=intitle:%22data+science+team%22%7Cintitle:%22data+science+team%22%7Cintitle:%22data+science+teams%22%7Cintitle:%22teams+in+data+science%22%7Cintitle:%22time+de+ci%C3%AAncia+de+dados%22%7Cintitle:%22data+science+roles%22&hl=en&as_sdt=2007"
0,"J Yagle, E McLarney","NASA LaRC OCIO Data Science Team Overview",2019,"VT CBIA Capstone Meeting","ntrs.nasa.gov","https://ntrs.nasa.gov/api/citations/20200003924/downloads/20200003924.pdf","",53,"2025-02-06 14:27:32","PDF","","","",,,,,0,0.00,0,2,6,"Objective: Provide for researchers customized web-based data vis applications that can be used to explore their data sets. Provide 508 compliance/accessibility not possible in static …","https://ntrs.nasa.gov/api/citations/20200003924/downloads/20200003924.pdf","https://scholar.google.com/scholar?q=related:PzI83N9DDuQJ:scholar.google.com/&scioq=intitle:%22data+science+team%22%7Cintitle:%22data+science+team%22%7Cintitle:%22data+science+teams%22%7Cintitle:%22teams+in+data+science%22%7Cintitle:%22time+de+ci%C3%AAncia+de+dados%22%7Cintitle:%22data+science+roles%22&hl=en&as_sdt=2007"
0,"P Holl, K Gossling","Midas-An interactive data catalog for data science teams",,"kdd.org","","https://www.kdd.org/kdd2019/docs/KDD2019_Showcase_2072.pdf","",54,"2025-02-06 14:27:32","PDF","","","",,,,,0,0.00,0,2,,"… in data science teams working in two major German enterprises (>100.000 employees combined). Both data science teams … for the risk score, the data science team has to combine an …","https://www.kdd.org/kdd2019/docs/KDD2019_Showcase_2072.pdf","https://scholar.google.com/scholar?q=related:0q1nryEmJm0J:scholar.google.com/&scioq=intitle:%22data+science+team%22%7Cintitle:%22data+science+team%22%7Cintitle:%22data+science+teams%22%7Cintitle:%22teams+in+data+science%22%7Cintitle:%22time+de+ci%C3%AAncia+de+dados%22%7Cintitle:%22data+science+roles%22&hl=en&as_sdt=2007"
0,"J Nolis","Leading data science teams: principles for effectively organizing data scientists",2022,"","katalog.ub.uni-heidelberg.de","https://katalog.ub.uni-heidelberg.de/titel/68918423","",55,"2025-02-06 14:27:32","","","","",,,,,0,0.00,0,1,3,"… Data science teams are often tasked with last-minute must-… you'll encounter when running a data science team. You'll learn … a new data science team in an organization that needs one. …","","https://scholar.google.com/scholar?q=related:PMPwsOCrf38J:scholar.google.com/&scioq=intitle:%22data+science+team%22%7Cintitle:%22data+science+team%22%7Cintitle:%22data+science+teams%22%7Cintitle:%22teams+in+data+science%22%7Cintitle:%22time+de+ci%C3%AAncia+de+dados%22%7Cintitle:%22data+science+roles%22&hl=en&as_sdt=2007"
0,"K CROWSTON, JS SALTZ, A REZGUI, Y HEGDE…","Design and Preliminary Evaluation of MIDST, a System to Support Stigmergic Coordination in Data-Science Teams",2019,"","","","",57,"2025-02-06 14:27:32","CITATION","","","",,,,,0,0.00,0,5,6,"","","https://scholar.google.com/scholar?q=related:Z5UBFGhWXIAJ:scholar.google.com/&scioq=intitle:%22data+science+team%22%7Cintitle:%22data+science+team%22%7Cintitle:%22data+science+teams%22%7Cintitle:%22teams+in+data+science%22%7Cintitle:%22time+de+ci%C3%AAncia+de+dados%22%7Cintitle:%22data+science+roles%22&hl=en&as_sdt=2007"
0,"P Wicht, A Hausmann, S Hoseini…","Aufbau eines Data-Science-Teams–„Lessons learned “",2021,"Wirtschaftsinformatik & …","Springer","https://link.springer.com/article/10.1365/s35764-021-00350-x","",63,"2025-02-06 14:27:32","HTML","10.1365/s35764-021-00350-x","","",,,,,0,0.00,0,4,4,"Data Science wollen, Data Science machen und Data Science können sind doch irgendwie verschiedene Dinge, erkennt so manches Unternehmen über die Zeit. Umso besser, wenn …","https://link.springer.com/article/10.1365/s35764-021-00350-x","https://scholar.google.com/scholar?q=related:BO7cQ-vkT5gJ:scholar.google.com/&scioq=intitle:%22data+science+team%22%7Cintitle:%22data+science+team%22%7Cintitle:%22data+science+teams%22%7Cintitle:%22teams+in+data+science%22%7Cintitle:%22time+de+ci%C3%AAncia+de+dados%22%7Cintitle:%22data+science+roles%22&hl=en&as_sdt=2007"
0,"J Anderson","Das Data-Science-Team",2024,"Daten-Teams: Ein einheitliches Managementmodell für …","Springer","https://link.springer.com/chapter/10.1007/979-8-8688-0072-6_3","",66,"2025-02-06 14:27:32","","10.1007/979-8-8688-0072-6_3","","",,,,,0,0.00,0,1,1,"Von den drei Teams, die ein modernes Data Team ausmachen, beginnen wir mit den Data Scientists, weil sie die Ergebnisse liefern, die ihre Organisationen zur Entscheidungsfindung …","","https://scholar.google.com/scholar?q=related:LkYKtpHlOjEJ:scholar.google.com/&scioq=intitle:%22data+science+team%22%7Cintitle:%22data+science+team%22%7Cintitle:%22data+science+teams%22%7Cintitle:%22teams+in+data+science%22%7Cintitle:%22time+de+ci%C3%AAncia+de+dados%22%7Cintitle:%22data+science+roles%22&hl=en&as_sdt=2007"
0,"A Mankoo, A Spengeman…","Integrating Ethics into Data Science: Insights from a Product Team",2022,"Available at SSRN …","papers.ssrn.com","https://papers.ssrn.com/sol3/papers.cfm?abstract_id=4077031","",91,"2025-02-06 14:27:32","","","","",,,,,0,0.00,0,3,3,"… of a single data science team and from interviews with nine … data science teams generally deal with the ethical implications of their work. Rather, as a case study of a data science team …","https://papers.ssrn.com/sol3/Delivery.cfm?abstractid=4077031","https://scholar.google.com/scholar?q=related:-rJgkK_HBx0J:scholar.google.com/&scioq=intitle:%22data+science+team%22%7Cintitle:%22data+science+team%22%7Cintitle:%22data+science+teams%22%7Cintitle:%22teams+in+data+science%22%7Cintitle:%22time+de+ci%C3%AAncia+de+dados%22%7Cintitle:%22data+science+roles%22&hl=en&as_sdt=2007"
